3041,ぁ,3
3042,あ,3
3043,ぃ,2
3044,い,2
3045,ぅ,3
3046,う,3
3047,ぇ,3
3048,え,3
3049,ぉ,4
304A,お,4
304B,か,3
304C,が,5
304D,き,4
304E,ぎ,6
304F,く,1
3050,ぐ,3
3051,け,3
3052,げ,5
3053,こ,2
3054,ご,4
3055,さ,3
3056,ざ,5
3057,し,1
3058,じ,3
3059,す,3
305A,ず,5
305B,せ,3
305C,ぜ,5
305D,そ,3
305E,ぞ,5
305F,た,4
3060,だ,6
3061,ち,3
3062,ぢ,5
3063,っ,1
3064,つ,1
3065,づ,3
3066,て,2
3067,で,4
3068,と,2
3069,ど,4
306A,な,5
306B,に,3
306C,ぬ,3
306D,ね,4
306E,の,1
306F,は,4
3070,ば,6
3071,ぱ,5
3072,ひ,2
3073,び,4
3074,ぴ,3
3075,ふ,4
3076,ぶ,6
3077,ぷ,5
3078,へ,1
3079,べ,3
307A,ぺ,2
307B,ほ,5
307C,ぼ,7
307D,ぽ,6
307E,ま,4
307F,み,3
3080,む,4
3081,め,2
3082,も,3
3083,ゃ,3
3084,や,3
3085,ゅ,3
3086,ゆ,3
3087,ょ,3
3088,よ,3
3089,ら,3
308A,り,2
308B,る,3
308C,れ,3
308D,ろ,2
308E,ゎ,3
308F,わ,3
3090,ゐ,3
3091,ゑ,5
3092,を,4
3093,ん,2
30A1,ァ,2
30A2,ア,2
30A3,ィ,2
30A4,イ,2
30A5,ゥ,3
30A6,ウ,3
30A7,ェ,3
30A8,エ,3
30A9,ォ,3
30AA,オ,3
30AB,カ,2
30AC,ガ,4
30AD,キ,3
30AE,ギ,5
30AF,ク,2
30B0,グ,4
30B1,ケ,3
30B2,ゲ,5
30B3,コ,2
30B4,ゴ,4
30B5,サ,3
30B6,ザ,5
30B7,シ,3
30B8,ジ,5
30B9,ス,2
30BA,ズ,4
30BB,セ,2
30BC,ゼ,4
30BD,ソ,2
30BE,ゾ,4
30BF,タ,3
30C0,ダ,5
30C1,チ,3
30C2,ヂ,5
30C3,ッ,3
30C4,ツ,3
30C5,ヅ,5
30C6,テ,3
30C7,デ,5
30C8,ト,2
30C9,ド,4
30CA,ナ,2
30CB,ニ,2
30CC,ヌ,2
30CD,ネ,4
30CE,ノ,1
30CF,ハ,2
30D0,バ,4
30D1,パ,3
30D2,ヒ,2
30D3,ビ,4
30D4,ピ,3
30D5,フ,2
30D6,ブ,4
30D7,プ,3
30D8,ヘ,1
30D9,ベ,3
30DA,ペ,2
30DB,ホ,4
30DC,ボ,6
30DD,ポ,5
30DE,マ,2
30DF,ミ,3
30E0,ム,2
30E1,メ,2
30E2,モ,3
30E3,ャ,2
30E4,ヤ,2
30E5,ュ,2
30E6,ユ,2
30E7,ョ,3
30E8,ヨ,3
30E9,ラ,2
30EA,リ,2
30EB,ル,2
30EC,レ,1
30ED,ロ,3
30EE,ヮ,2
30EF,ワ,2
30F0,ヰ,4
30F1,ヱ,3
30F2,ヲ,3
30F3,ン,2
30F4,ヴ,5
30F5,ヵ,2
30F6,ヶ,3

4E00,一,1
4E01,丁,2
4E03,七,2
4E07,万,3
4E08,丈,3
4E09,三,3
4E0A,上,3
4E0B,下,3
4E0D,不,4
4E0E,与,3
4E11,丑,4
4E14,且,5
4E16,世,5
4E18,丘,5
4E19,丙,5
4E1E,丞,6
4E21,両,6
4E26,並,8
4E2D,中,4
4E32,串,7
4E38,丸,3
4E39,丹,4
4E3B,主,5
4E3C,丼,5
4E43,乃,2
4E45,久,3
4E4B,之,3
4E4E,乎,5
4E4F,乏,4
4E57,乗,9
4E58,乘,10
4E59,乙,1
4E5D,九,2
4E5E,乞,3
4E5F,也,3
4E71,乱,7
4E73,乳,8
4E7E,乾,11
4E80,亀,11
4E86,了,2
4E88,予,4
4E89,争,6
4E8B,事,8
4E8C,二,2
4E91,云,4
4E92,互,4
4E94,五,4
4E95,井,4
4E98,亘,6
4E99,亙,6
4E9B,些,7
4E9C,亜,7
4E9E,亞,8
4EA1,亡,3
4EA4,交,6
4EA5,亥,6
4EA6,亦,6
4EA8,亨,7
4EAB,享,8
4EAC,京,8
4EAD,亭,9
4EAE,亮,9
4EBA,人,2
4EC1,仁,4
4ECA,今,4
4ECB,介,4
4ECF,仏,4
4ED4,仔,5
4ED5,仕,5
4ED6,他,5
4ED8,付,5
4ED9,仙,5
4EE3,代,5
4EE4,令,5
4EE5,以,5
4EEE,仮,6
4EF0,仰,6
4EF2,仲,6
4EF6,件,6
4EFB,任,6
4F01,企,6
4F0A,伊,6
4F0D,伍,6
4F0E,伎,6
4F0F,伏,6
4F10,伐,6
4F11,休,6
4F1A,会,6
4F1D,伝,6
4F2F,伯,7
4F34,伴,7
4F36,伶,7
4F38,伸,7
4F3A,伺,7
4F3C,似,7
4F3D,伽,7
4F43,佃,7
4F46,但,7
4F4D,位,7
4F4E,低,7
4F4F,住,7
4F50,佐,7
4F51,佑,7
4F53,体,7
4F55,何,7
4F59,余,7
4F5B,佛,7
4F5C,作,7
4F73,佳,8
4F75,併,8
4F7F,使,8
4F83,侃,8
4F86,來,8
4F8B,例,8
4F8D,侍,8
4F91,侑,8
4F9B,供,8
4F9D,依,8
4FA1,価,8
4FAE,侮,8
4FAF,侯,9
4FB5,侵,9
4FB6,侶,9
4FBF,便,9
4FC2,係,9
4FC3,促,9
4FC4,俄,9
4FCA,俊,9
4FD0,俐,9
4FD7,俗,9
4FDD,保,9
4FE0,俠,9
4FE1,信,9
4FE3,俣,9
4FEE,修,9
4FF1,俱,10
4FF3,俳,10
4FF5,俵,10
4FF8,俸,10
4FFA,俺,10
5009,倉,10
500B,個,10
500D,倍,10
5012,倒,10
5016,倖,10
5019,候,10
501F,借,10
5023,倣,10
5024,値,10
5026,倦,10
502B,倫,10
502D,倭,10
5039,倹,10
5049,偉,11
504F,偏,11
505C,停,11
5065,健,11
5072,偲,11
5074,側,11
5075,偵,11
5076,偶,11
507D,偽,11
508D,傍,12
5091,傑,12
5098,傘,12
5099,備,12
50AC,催,13
50AD,傭,13
50B2,傲,12
50B3,傳,13
50B5,債,13
50B7,傷,13
50BE,傾,13
50C5,僅,12
50CD,働,13
50CF,像,14
50D5,僕,14
50DA,僚,14
50DE,僞,14
50E7,僧,13
50F9,價,15
5100,儀,15
5104,億,15
5109,儉,15
5112,儒,16
511F,償,17
512A,優,17
5132,儲,17
5141,允,4
5143,元,4
5144,兄,5
5145,充,5
5146,兆,6
5148,先,6
5149,光,6
514B,克,7
514D,免,7
514E,兎,7
5150,児,7
5152,兒,8
515A,党,10
515C,兜,11
5165,入,2
5168,全,6
516B,八,2
516C,公,4
516D,六,4
5171,共,6
5175,兵,7
5176,其,8
5177,具,8
5178,典,8
517C,兼,10
5185,内,4
5186,円,4
518A,冊,5
518D,再,6
5192,冒,9
5197,冗,4
5199,写,5
51A0,冠,9
51A5,冥,10
51A8,冨,11
51AC,冬,5
51B4,冴,6
51B6,冶,7
51B7,冷,7
51C4,凄,10
51C6,准,10
51C9,凉,10
51CC,凌,10
51CD,凍,10
51DB,凛,15
51DC,凜,15
51DD,凝,16
51E1,凡,3
51E6,処,5
51E7,凧,5
51EA,凪,6
51F0,凰,11
51F1,凱,12
51F6,凶,4
51F8,凸,5
51F9,凹,5
51FA,出,5
51FD,函,8
5200,刀,2
5203,刃,3
5206,分,4
5207,切,4
5208,刈,4
520A,刊,5
5211,刑,6
5217,列,6
521D,初,7
5224,判,7
5225,別,7
5229,利,7
5230,到,8
5236,制,8
5237,刷,8
5238,券,8
5239,刹,8
523A,刺,8
523B,刻,8
5247,則,9
524A,削,9
524D,前,9
5256,剖,10
525B,剛,10
525D,剝,10
5263,剣,10
5264,剤,10
5269,剩,12
526F,副,11
5270,剰,11
5272,割,12
5275,創,12
5287,劇,15
5289,劉,14
528D,劍,15
529B,力,2
529F,功,5
52A0,加,5
52A3,劣,6
52A9,助,7
52AA,努,7
52AB,劫,7
52B1,励,7
52B4,労,7
52B9,効,8
52BE,劾,8
52C1,勁,9
52C3,勃,9
52C5,勅,9
52C7,勇,9
52C9,勉,9
52D5,動,11
52D8,勘,11
52D9,務,10
52DD,勝,12
52DF,募,12
52E2,勢,13
52E4,勤,12
52E7,勧,13
52F2,勲,15
52F3,勳,16
52FA,勺,3
52FE,勾,4
52FF,勿,4
5301,匁,4
5302,匂,4
5305,包,5
5316,化,4
5317,北,5
5320,匠,6
5321,匡,6
5339,匹,4
533A,区,4
533B,医,7
533F,匿,10
5341,十,2
5343,千,3
5347,升,4
5348,午,4
534A,半,5
5351,卑,7
5352,卒,8
5353,卓,8
5354,協,8
5357,南,9
5358,単,9
535A,博,12
535C,卜,2
5360,占,5
536F,卯,5
5370,印,6
5371,危,6
5373,即,7
5374,却,7
5375,卵,7
5377,卷,8
5378,卸,8
537D,卽,9
537F,卿,10
5384,厄,4
5398,厘,9
539A,厚,9
539F,原,10
53A8,厨,12
53A9,厩,11
53B3,厳,16
53BB,去,5
53C2,参,8
53C8,又,2
53C9,叉,3
53CA,及,3
53CB,友,4
53CC,双,4
53CD,反,4
53CE,収,4
53D4,叔,8
53D6,取,8
53D7,受,8
53D9,叙,9
53E1,叡,16
53E2,叢,18
53E3,口,3
53E4,古,5
53E5,句,5
53EA,只,5
53EB,叫,5
53EC,召,5
53EF,可,5
53F0,台,5
53F2,史,5
53F3,右,5
53F6,叶,5
53F7,号,5
53F8,司,5
5404,各,6
5408,合,6
5409,吉,6
540C,同,6
540D,名,6
540E,后,6
540F,吏,6
5410,吐,6
5411,向,6
541B,君,7
541E,吞,7
541F,吟,7
5426,否,7
542B,含,7
5438,吸,6
5439,吹,7
543B,吻,7
543E,吾,7
5442,呂,7
5448,呈,7
5449,呉,7
544A,告,7
5468,周,8
546A,呪,8
5473,味,8
547C,呼,8
547D,命,8
548C,和,8
54B2,咲,9
54BD,咽,9
54C0,哀,9
54C1,品,9
54C9,哉,9
54E1,員,10
54E8,哨,10
54E9,哩,10
54F2,哲,10
54FA,哺,10
5504,唄,10
5506,唆,10
5507,唇,10
5510,唐,10
552F,唯,11
5531,唱,11
553E,唾,11
5544,啄,10
5546,商,11
554F,問,11
5553,啓,11
5584,善,12
5589,喉,12
558B,喋,12
559A,喚,12
559C,喜,12
559D,喝,11
55A7,喧,12
55A9,喩,12
55AA,喪,12
55AB,喫,12
55AC,喬,12
55AE,單,12
55B0,喰,12
55B6,営,11
55C5,嗅,12
55E3,嗣,13
5606,嘆,13
5609,嘉,14
5617,嘗,14
5629,嘩,13
5631,嘱,15
5632,嘲,15
5642,噂,15
564C,噌,14
5668,器,15
5674,噴,15
5687,嚇,17
56B4,嚴,19
56DA,囚,5
56DB,四,5
56DE,回,6
56E0,因,6
56E3,団,6
56F0,困,7
56F2,囲,7
56F3,図,7
56FA,固,8
56FD,国,8
5703,圃,10
5708,圈,11
570B,國,11
570F,圏,12
5712,園,13
5713,圓,13
5718,團,14
571F,土,3
5727,圧,5
5728,在,6
572D,圭,6
5730,地,6
5742,坂,7
5747,均,7
574A,坊,7
5750,坐,7
5751,坑,7
5766,坦,8
576A,坪,8
5782,垂,8
578B,型,9
57A3,垣,9
57CB,埋,10
57CE,城,9
57DC,埜,11
57DF,域,11
57F4,埴,11
57F7,執,11
57F9,培,11
57FA,基,11
57FC,埼,11
5800,堀,11
5802,堂,11
5805,堅,11
5806,堆,11
5815,堕,12
5824,堤,12
582A,堪,12
582F,堯,12
5830,堰,12
5831,報,12
5834,場,12
5835,堵,11
583A,堺,12
5840,塀,12
5841,塁,12
584A,塊,13
5851,塑,13
5854,塔,12
5857,塗,13
5859,塙,13
585A,塚,12
585E,塞,13
5861,塡,13
5869,塩,13
587E,塾,14
5883,境,14
5893,墓,13
5897,増,14
589C,墜,15
589E,增,15
58A8,墨,14
58B3,墳,15
58BE,墾,16
58C1,壁,16
58C7,壇,16
58CA,壊,16
58CC,壌,16
58D5,壕,17
58D8,壘,18
58DE,壞,19
58EB,士,3
58EC,壬,4
58EE,壮,6
58EF,壯,7
58F0,声,7
58F1,壱,7
58F2,売,7
58FD,壽,14
5909,変,9
590F,夏,10
5915,夕,3
5916,外,5
591A,多,6
591C,夜,8
5922,夢,13
5927,大,3
5929,天,4
592A,太,4
592B,夫,4
592E,央,5
5931,失,5
5937,夷,6
5944,奄,8
5947,奇,8
5948,奈,8
5949,奉,8
594E,奎,9
594F,奏,9
5951,契,9
5954,奔,8
5957,套,10
5965,奥,12
5967,奧,13
5968,奨,12
596A,奪,14
596C,奬,14
596E,奮,16
5973,女,3
5974,奴,5
597D,好,6
5982,如,6
5983,妃,6
5984,妄,6
598A,妊,7
5996,妖,7
5999,妙,7
59A5,妥,7
59A8,妨,7
59AC,妬,8
59B9,妹,8
59BB,妻,8
59C9,姉,7
59CB,始,8
59D3,姓,8
59D4,委,8
59E5,姥,9
59EA,姪,9
59EB,姫,9
59FB,姻,9
59FF,姿,9
5A01,威,9
5A03,娃,9
5A18,娘,10
5A20,娠,10
5A29,娩,10
5A2F,娯,10
5A46,婆,11
5A5A,婚,11
5A66,婦,11
5A7F,婿,12
5A92,媒,12
5A9B,媛,12
5AC1,嫁,13
5AC9,嫉,13
5ACC,嫌,13
5AE1,嫡,14
5B09,嬉,15
5B22,嬢,16
5B43,孃,20
5B50,子,3
5B54,孔,4
5B57,字,6
5B58,存,6
5B5C,孜,7
5B5D,孝,7
5B5F,孟,8
5B63,季,8
5B64,孤,8
5B66,学,8
5B6B,孫,10
5B85,宅,6
5B87,宇,6
5B88,守,6
5B89,安,6
5B8B,宋,7
5B8C,完,7
5B8F,宏,7
5B95,宕,8
5B97,宗,8
5B98,官,8
5B99,宙,8
5B9A,定,8
5B9B,宛,8
5B9C,宜,8
5B9D,宝,8
5B9F,実,8
5BA2,客,9
5BA3,宣,9
5BA4,室,9
5BA5,宥,9
5BAE,宮,10
5BB0,宰,10
5BB3,害,10
5BB4,宴,10
5BB5,宵,10
5BB6,家,10
5BB9,容,10
5BBF,宿,11
5BC2,寂,11
5BC4,寄,11
5BC5,寅,11
5BC6,密,11
5BCC,富,12
5BD2,寒,12
5BD3,寓,12
5BDB,寛,13
5BDD,寝,13
5BDF,察,14
5BE1,寡,14
5BE2,寢,14
5BE6,實,14
5BE7,寧,14
5BE9,審,15
5BEC,寬,14
5BEE,寮,15
5BF5,寵,19
5BF8,寸,3
5BFA,寺,6
5BFE,対,7
5BFF,寿,7
5C01,封,9
5C02,専,9
5C04,射,10
5C06,将,9
5C07,將,11
5C08,專,11
5C09,尉,11
5C0A,尊,12
5C0B,尋,12
5C0E,導,15
5C0F,小,3
5C11,少,4
5C16,尖,6
5C1A,尚,8
5C24,尤,4
5C2D,尭,8
5C31,就,12
5C3A,尺,4
5C3B,尻,5
5C3C,尼,5
5C3D,尽,6
5C3E,尾,7
5C3F,尿,6
5C40,局,7
5C45,居,8
5C48,屈,8
5C4A,届,8
5C4B,屋,9
5C51,屑,10
5C55,展,10
5C5E,属,12
5C64,層,14
5C65,履,15
5C6F,屯,4
5C71,山,3
5C90,岐,7
5CA1,岡,8
5CA9,岩,8
5CAC,岬,8
5CB3,岳,8
5CB8,岸,8
5CE0,峠,9
5CE1,峡,9
5CE8,峨,10
5CEF,峯,10
5CF0,峰,10
5CF6,島,10
5CFB,峻,10
5CFD,峽,10
5D07,崇,11
5D0E,崎,11
5D16,崖,11
5D1A,崚,11
5D29,崩,11
5D50,嵐,12
5D69,嵩,13
5D6F,嵯,12
5D8B,嶋,14
5DBA,嶺,17
5DCC,巌,19
5DD6,巖,22
5DDD,川,3
5DDE,州,6
5DE1,巡,6
5DE2,巢,11
5DE3,巣,11
5DE5,工,3
5DE6,左,5
5DE7,巧,5
5DE8,巨,5
5DEE,差,9
5DF1,己,3
5DF2,已,3
5DF3,巳,3
5DF4,巴,4
5DF7,巷,9
5DFB,巻,9
5DFD,巽,12
5DFE,巾,3
5E02,市,5
5E03,布,5
5E06,帆,6
5E0C,希,7
5E16,帖,8
5E1D,帝,9
5E25,帥,9
5E2B,師,10
5E2D,席,9
5E2F,帯,9
5E30,帰,10
5E33,帳,11
5E36,帶,10
5E38,常,11
5E3D,帽,12
5E45,幅,12
5E4C,幌,13
5E55,幕,13
5E61,幡,15
5E63,幣,14
5E72,干,3
5E73,平,5
5E74,年,6
5E78,幸,8
5E79,幹,13
5E7B,幻,4
5E7C,幼,5
5E7D,幽,9
5E7E,幾,12
5E81,庁,5
5E83,広,5
5E84,庄,6
5E87,庇,7
5E8A,床,7
5E8F,序,7
5E95,底,8
5E97,店,8
5E9A,庚,8
5E9C,府,8
5EA6,度,8
5EA7,座,10
5EAB,庫,10
5EAD,庭,10
5EB5,庵,11
5EB6,庶,10
5EB7,康,11
5EB8,庸,11
5EC3,廃,12
5EC9,廉,13
5ECA,廊,12
5EDF,廟,15
5EE3,廣,14
5EF3,廳,25
5EF6,延,7
5EF7,廷,7
5EFA,建,9
5EFB,廻,9
5EFF,廿,3
5F01,弁,5
5F04,弄,7
5F0A,弊,14
5F0F,式,6
5F10,弐,6
5F13,弓,3
5F14,弔,4
5F15,引,4
5F18,弘,5
5F1B,弛,6
5F1F,弟,7
5F25,弥,8
5F26,弦,8
5F27,弧,8
5F31,弱,10
5F35,張,11
5F37,強,11
5F3E,弾,12
5F48,彈,15
5F4C,彌,17
5F53,当,6
5F57,彗,11
5F59,彙,13
5F62,形,7
5F66,彦,9
5F69,彩,11
5F6A,彪,11
5F6B,彫,11
5F6C,彬,11
5F70,彰,14
5F71,影,15
5F79,役,7
5F7C,彼,8
5F80,往,8
5F81,征,8
5F84,径,8
5F85,待,9
5F8B,律,9
5F8C,後,9
5F90,徐,10
5F92,徒,10
5F93,従,10
5F97,得,11
5F9E,從,11
5FA0,徠,11
5FA1,御,11
5FA9,復,12
5FAA,循,12
5FAE,微,13
5FB3,徳,14
5FB4,徴,14
5FB5,徵,15
5FB7,德,15
5FB9,徹,14
5FBD,徽,16
5FC3,心,4
5FC5,必,5
5FCC,忌,7
5FCD,忍,7
5FD7,志,7
5FD8,忘,7
5FD9,忙,6
5FDC,応,7
5FE0,忠,8
5FEB,快,7
5FF5,念,8
5FFD,忽,8
6012,怒,9
6016,怖,8
601C,怜,8
601D,思,9
6020,怠,9
6025,急,9
6027,性,8
6028,怨,9
602A,怪,8
6046,恆,9
604B,恋,10
6050,恐,10
6052,恒,9
6055,恕,10
6062,恢,9
6063,恣,10
6065,恥,10
6068,恨,9
6069,恩,10
606D,恭,10
606F,息,10
6070,恰,9
6075,恵,10
6089,悉,11
608C,悌,10
6094,悔,9
609F,悟,10
60A0,悠,11
60A3,患,11
60A6,悦,10
60A9,悩,10
60AA,悪,11
60B2,悲,12
60BC,悼,11
60C5,情,11
60C7,惇,11
60D1,惑,12
60DA,惚,11
60DC,惜,11
60DF,惟,11
60E0,惠,12
60E1,惡,12
60E3,惣,12
60E7,惧,11
60E8,惨,11
60F0,惰,12
60F3,想,13
60F9,惹,12
60FA,惺,12
6101,愁,13
6109,愉,12
610F,意,13
611A,愚,13
611B,愛,13
611F,感,13
613C,愼,13
6144,慄,13
6148,慈,13
614B,態,14
614C,慌,12
614E,慎,13
6155,慕,14
6162,慢,14
6163,慣,14
6167,慧,15
6168,慨,12
616E,慮,15
6170,慰,15
6176,慶,15
6182,憂,15
618E,憎,14
6190,憐,15
61A4,憤,15
61A7,憧,15
61A9,憩,16
61AC,憬,15
61B2,憲,16
61B6,憶,16
61BE,憾,16
61C7,懇,17
61C9,應,17
61D0,懐,16
61F2,懲,18
61F7,懷,19
61F8,懸,20
620A,戊,5
6210,成,6
6211,我,7
6212,戒,7
6216,或,8
621A,戚,11
621F,戟,12
6226,戦,13
622F,戯,15
6230,戰,16
6232,戲,17
6234,戴,17
6238,戸,4
623B,戻,7
623F,房,8
6240,所,8
6247,扇,10
6249,扉,12
624B,手,4
624D,才,3
6253,打,5
6255,払,5
6258,托,6
6271,扱,6
6276,扶,7
6279,批,7
627F,承,8
6280,技,7
6284,抄,7
628A,把,7
6291,抑,7
6295,投,7
6297,抗,7
6298,折,7
629C,抜,7
629E,択,7
62AB,披,8
62B1,抱,8
62B5,抵,8
62B9,抹,8
62BC,押,8
62BD,抽,8
62C2,拂,8
62C5,担,8
62C9,拉,8
62CD,拍,8
62D0,拐,8
62D2,拒,8
62D3,拓,8
62D4,拔,8
62D8,拘,8
62D9,拙,8
62DB,招,8
62DC,拜,9
62DD,拝,8
62E0,拠,8
62E1,拡,8
62EC,括,9
62ED,拭,9
62F3,拳,10
62F6,拶,9
62F7,拷,9
62FE,拾,9
6301,持,9
6307,指,9
6309,按,9
6311,挑,9
6319,挙,10
631F,挟,9
6328,挨,10
632B,挫,10
632F,振,10
633A,挺,10
633D,挽,10
633F,挿,10
6349,捉,10
6355,捕,10
6357,捗,10
635C,捜,10
6367,捧,11
6368,捨,11
636E,据,11
6372,捲,11
6377,捷,11
637A,捺,11
637B,捻,11
6383,掃,11
6388,授,11
638C,掌,12
6392,排,11
6398,掘,11
639B,掛,11
63A0,掠,11
63A1,採,11
63A2,探,11
63A5,接,11
63A7,控,11
63A8,推,11
63AA,措,11
63AC,掬,11
63B2,掲,11
63C3,揃,12
63CF,描,11
63D0,提,12
63DA,揚,12
63DB,換,12
63E1,握,12
63ED,揭,12
63EE,揮,12
63F4,援,12
63FA,揺,12
640D,損,13
6416,搖,13
641C,搜,12
642C,搬,13
642D,搭,12
643A,携,13
643E,搾,13
6442,摂,13
6451,摑,14
6458,摘,14
6469,摩,15
646F,摯,15
647A,摺,14
6483,撃,15
6492,撒,15
649E,撞,15
64A4,撤,14
64AB,撫,15
64AD,播,15
64AE,撮,15
64B0,撰,15
64B2,撲,15
64C1,擁,16
64CA,擊,17
64CD,操,16
64E2,擢,17
64E6,擦,17
64EC,擬,17
651D,攝,21
652F,支,4
6536,收,6
6539,改,7
653B,攻,7
653E,放,8
653F,政,9
6545,故,9
654D,敍,11
654F,敏,10
6551,救,11
6557,敗,11
6559,教,11
6562,敢,11
6563,散,12
6566,敦,12
656C,敬,12
6570,数,13
6574,整,16
6575,敵,15
6577,敷,15
6587,文,4
6589,斉,8
658E,斎,11
6590,斐,12
6591,斑,12
6597,斗,4
6599,料,10
659C,斜,11
65A1,斡,14
65A4,斤,4
65A5,斥,5
65A7,斧,8
65AC,斬,11
65AD,断,11
65AF,斯,12
65B0,新,13
65B9,方,4
65BC,於,8
65BD,施,9
65C5,旅,10
65CB,旋,11
65CF,族,11
65D7,旗,14
65E2,既,9
65E5,日,4
65E6,旦,5
65E7,旧,5
65E8,旨,6
65E9,早,6
65EC,旬,6
65ED,旭,6
65FA,旺,8
6602,昂,8
6606,昆,8
6607,昇,8
660A,昊,8
660C,昌,8
660E,明,8
660F,昏,8
6613,易,8
6614,昔,8
661F,星,9
6620,映,9
6625,春,9
6627,昧,9
6628,昨,9
662D,昭,9
662F,是,9
6634,昴,9
663C,昼,9
6642,時,10
6643,晃,10
6644,晄,10
664B,晋,10
664F,晏,10
6652,晒,10
665A,晚,11
665D,晝,11
665F,晟,10
6666,晦,10
6668,晨,11
6669,晩,11
666E,普,12
666F,景,12
6674,晴,12
6676,晶,12
667A,智,12
6681,暁,12
6687,暇,13
6689,暉,13
6691,暑,12
6696,暖,13
6697,暗,13
66A2,暢,14
66A6,暦,14
66AB,暫,15
66AE,暮,14
66B4,暴,15
66C6,曆,16
66C7,曇,16
66C9,曉,16
66D6,曖,17
66D9,曙,17
66DC,曜,18
66DD,曝,19
66F2,曲,6
66F3,曳,6
66F4,更,7
66F8,書,10
66F9,曹,11
66FD,曽,11
66FE,曾,12
66FF,替,12
6700,最,12
6708,月,4
6709,有,6
670B,朋,8
670D,服,8
6714,朔,10
6715,朕,10
6717,朗,10
671B,望,11
671D,朝,12
671F,期,12
6728,木,4
672A,未,5
672B,末,5
672C,本,5
672D,札,5
6731,朱,6
6734,朴,6
673A,机,6
673D,朽,6
6749,杉,7
674E,李,7
674F,杏,7
6750,材,7
6751,村,7
6756,杖,7
675C,杜,7
675F,束,7
6761,条,7
6765,来,7
676D,杭,8
676F,杯,8
6771,東,8
6775,杵,8
6777,杷,8
677E,松,8
677F,板,8
6787,枇,8
6790,析,8
6795,枕,8
6797,林,8
679A,枚,8
679C,果,8
679D,枝,8
67A0,枠,8
67A2,枢,8
67AF,枯,9
67B6,架,9
67C4,柄,9
67CA,柊,9
67CF,柏,9
67D0,某,9
67D1,柑,9
67D3,染,9
67D4,柔,9
67D8,柘,9
67DA,柚,9
67F1,柱,9
67F3,柳,9
67F4,柴,9
67F5,柵,9
67FB,査,9
67FE,柾,9
67FF,柿,9
6803,栃,9
6804,栄,9
6813,栓,10
6816,栖,10
6817,栗,10
681E,栞,10
6821,校,10
682A,株,10
6838,核,10
6839,根,10
683C,格,10
683D,栽,10
6841,桁,10
6842,桂,10
6843,桃,10
6848,案,10
6850,桐,10
6851,桑,10
6854,桔,10
685C,桜,10
685F,桟,10
6867,桧,10
6876,桶,11
6881,梁,11
6885,梅,10
6893,梓,11
6897,梗,11
689B,梛,11
689D,條,10
68A2,梢,11
68A7,梧,11
68A8,梨,11
68AF,梯,11
68B0,械,11
68B6,梶,11
68C4,棄,10
68CB,棋,12
68D2,棒,12
68DA,棚,12
68DF,棟,12
68EE,森,12
68F2,棲,12
68FA,棺,12
6900,椀,12
6905,椅,12
690B,椋,12
690D,植,12
690E,椎,12
691B,椛,11
691C,検,12
6930,椰,13
693F,椿,13
694A,楊,13
6953,楓,13
6955,楕,13
695A,楚,13
6960,楠,13
6962,楢,13
696D,業,13
696F,楯,13
6975,極,12
6977,楷,13
697C,楼,13
697D,楽,13
6982,概,13
698A,榊,13
698E,榎,14
699B,榛,14
69AE,榮,14
69C7,槇,14
69CB,構,14
69CC,槌,13
69CD,槍,14
69D8,様,13
69D9,槙,14
69FB,槻,15
69FD,槽,15
6A02,樂,15
6A0B,樋,14
6A19,標,15
6A1F,樟,15
6A21,模,14
6A23,樣,15
6A29,権,15
6A2A,横,15
6A2B,樫,15
6A39,樹,16
6A3A,樺,14
6A3D,樽,16
6A4B,橋,16
6A58,橘,16
6A59,橙,16
6A5F,機,16
6A6B,橫,15
6A80,檀,17
6A8E,檎,16
6A9C,檜,17
6AA2,檢,17
6AC2,櫂,18
6AD3,櫓,19
6ADB,櫛,17
6AFB,櫻,21
6B04,欄,20
6B20,欠,4
6B21,次,6
6B23,欣,8
6B27,欧,8
6B32,欲,11
6B3A,欺,12
6B3D,欽,12
6B3E,款,12
6B4C,歌,14
6B4E,歎,14
6B53,歓,15
6B62,止,4
6B63,正,5
6B64,此,5
6B65,步,7
6B66,武,8
6B69,歩,8
6B6F,歯,12
6B73,歳,13
6B74,歴,14
6B77,歷,16
6B7B,死,6
6B86,殆,9
6B89,殉,10
6B8A,殊,10
6B8B,残,9
6B96,殖,12
6BB4,殴,8
6BB5,段,9
6BBA,殺,10
6BBB,殻,11
6BBF,殿,13
6BC0,毀,13
6BC5,毅,15
6BCD,母,5
6BCE,毎,6
6BCF,每,7
6BD2,毒,8
6BD4,比,4
6BD8,毘,9
6BDB,毛,4
6BEC,毬,11
6C0F,氏,4
6C11,民,5
6C17,気,6
6C23,氣,10
6C34,水,3
6C37,氷,4
6C38,永,5
6C3E,氾,5
6C40,汀,5
6C41,汁,5
6C42,求,7
6C4E,汎,6
6C50,汐,6
6C57,汗,6
6C5A,汚,6
6C5D,汝,6
6C5F,江,6
6C60,池,6
6C70,汰,7
6C72,汲,6
6C7A,決,7
6C7D,汽,7
6C83,沃,7
6C88,沈,7
6C8C,沌,7
6C93,沓,7
6C96,沖,7
6C99,沙,7
6CA1,没,7
6CA2,沢,7
6CAB,沫,8
6CB3,河,8
6CB8,沸,8
6CB9,油,8
6CBB,治,8
6CBC,沼,8
6CBF,沿,8
6CC1,況,8
6CC9,泉,8
6CCA,泊,8
6CCC,泌,8
6CD5,法,8
6CE1,泡,8
6CE2,波,8
6CE3,泣,8
6CE5,泥,8
6CE8,注,8
6CF0,泰,8
6CF3,泳,8
6D0B,洋,9
6D17,洗,9
6D1B,洛,9
6D1E,洞,9
6D25,津,9
6D2A,洪,9
6D32,洲,9
6D35,洵,9
6D38,洸,9
6D3B,活,9
6D3E,派,9
6D41,流,9
6D44,浄,9
6D45,浅,8
6D5C,浜,10
6D66,浦,10
6D69,浩,10
6D6A,浪,10
6D6C,浬,10
6D6E,浮,10
6D74,浴,10
6D77,海,9
6D78,浸,10
6D88,消,10
6D89,涉,10
6D99,涙,10
6DAF,涯,11
6DB2,液,11
6DBC,涼,11
6DC0,淀,11
6DCB,淋,11
6DD1,淑,11
6DDA,淚,11
6DE1,淡,11
6DE8,淨,11
6DEB,淫,11
6DF1,深,11
6DF3,淳,11
6DF5,淵,11
6DF7,混,11
6DFB,添,11
6E05,清,11
6E07,渇,11
6E08,済,11
6E09,渉,11
6E0B,渋,11
6E13,渓,11
6E1A,渚,11
6E1B,減,12
6E21,渡,11
6E25,渥,12
6E26,渦,11
6E29,温,12
6E2C,測,12
6E2F,港,12
6E34,渴,12
6E4A,湊,12
6E56,湖,12
6E58,湘,12
6E5B,湛,12
6E67,湧,12
6E6F,湯,12
6E7E,湾,12
6E7F,湿,12
6E80,満,12
6E90,源,13
6E96,準,13
6E9C,溜,12
6E9D,溝,13
6EA2,溢,13
6EAB,溫,13
6EB6,溶,13
6EBA,溺,13
6EC5,滅,13
6EC9,滉,13
6ECB,滋,12
6ED1,滑,12
6EDD,滝,13
6EDE,滞,12
6EEF,滯,13
6EF4,滴,14
6F01,漁,14
6F02,漂,14
6F06,漆,14
6F0F,漏,14
6F14,演,14
6F15,漕,14
6F20,漠,13
6F22,漢,13
6F23,漣,13
6F2B,漫,14
6F2C,漬,14
6F31,漱,14
6F38,漸,14
6F54,潔,15
6F5C,潜,15
6F5F,潟,15
6F64,潤,15
6F6E,潮,15
6F70,潰,15
6F81,澁,14
6F84,澄,15
6FAA,澪,16
6FC0,激,16
6FC1,濁,16
6FC3,濃,16
6FD5,濕,17
6FE1,濡,17
6FEB,濫,17
6FEF,濯,17
7015,瀕,19
7027,瀧,19
7028,瀨,19
702C,瀬,19
7058,灘,21
706B,火,4
706F,灯,6
7070,灰,6
7078,灸,7
707C,灼,7
707D,災,7
7089,炉,8
708A,炊,8
708E,炎,8
70AD,炭,9
70B9,点,9
70BA,為,9
70C8,烈,10
70CF,烏,10
711A,焚,12
7121,無,12
7126,焦,12
7130,焰,12
7136,然,12
713C,焼,12
7149,煉,12
714C,煌,13
714E,煎,13
7159,煙,13
7164,煤,13
7167,照,13
7169,煩,13
716E,煮,12
718A,熊,14
7199,熙,14
719F,熟,15
71B1,熱,15
71C3,燃,16
71C8,燈,16
71CE,燎,16
71D2,燒,16
71D5,燕,15
71E5,燥,17
71E6,燦,17
71ED,燭,17
71FF,燿,18
7206,爆,19
722A,爪,4
722D,爭,8
7232,爲,12
7235,爵,17
7236,父,4
723D,爽,11
723E,爾,14
7247,片,4
7248,版,8
7252,牒,13
7259,牙,4
725B,牛,4
725F,牟,6
7261,牡,7
7267,牧,8
7269,物,8
7272,牲,9
7279,特,10
727D,牽,11
7280,犀,12
72A0,犠,17
72AC,犬,4
72AF,犯,5
72B6,状,7
72C0,狀,8
72C2,狂,7
72D9,狙,8
72E9,狩,9
72EC,独,9
72ED,狭,9
72F9,狹,10
72FC,狼,10
731B,猛,11
731F,猟,11
732A,猪,11
732B,猫,11
732E,献,13
7336,猶,12
733F,猿,13
7344,獄,14
7345,獅,13
7363,獣,16
7372,獲,16
7378,獸,19
7384,玄,5
7387,率,11
7389,玉,5
738B,王,4
7396,玖,7
73A9,玩,8
73B2,玲,9
73C0,珀,9
73C2,珂,9
73C8,珈,9
73CA,珊,9
73CD,珍,9
73E0,珠,10
73ED,班,10
73FE,現,11
7403,球,11
7406,理,11
7409,琉,10
7422,琢,11
7425,琥,12
7433,琳,12
7434,琴,12
7435,琵,12
7436,琶,12
745A,瑚,13
745B,瑛,12
745E,瑞,13
7460,瑠,13
7473,瑳,13
7476,瑶,14
7483,璃,14
74A7,璧,18
74B0,環,17
74BD,璽,19
74DC,瓜,5
74E2,瓢,16
74E6,瓦,4
74F6,瓶,10
7518,甘,5
751A,甚,9
751F,生,5
7523,産,11
7525,甥,12
7528,用,5
752B,甫,7
7530,田,5
7531,由,5
7532,甲,5
7533,申,5
7537,男,7
753A,町,7
753B,画,8
754C,界,9
754F,畏,9
7551,畑,9
7554,畔,10
7559,留,9
755C,畜,10
755D,畝,10
7560,畠,10
7562,畢,11
7565,略,11
756A,番,12
7570,異,11
7573,畳,12
757F,畿,15
758A,疊,22
758B,疋,5
758E,疎,12
758F,疏,11
7591,疑,14
75AB,疫,9
75B2,疲,10
75BE,疾,10
75C5,病,10
75C7,症,10
75D5,痕,11
75D8,痘,12
75DB,痛,12
75E2,痢,12
75E9,痩,12
75F4,痴,13
760D,瘍,14
7626,瘦,14
7642,療,17
7652,癒,18
7656,癖,18
767A,発,9
767B,登,12
767D,白,5
767E,百,6
7684,的,8
7686,皆,9
7687,皇,9
7690,皐,11
7693,皓,12
76AE,皮,5
76BF,皿,5
76C3,盃,9
76C6,盆,9
76CA,益,10
76D7,盗,11
76DB,盛,11
76DC,盜,12
76DF,盟,13
76E1,盡,14
76E3,監,14
76E4,盤,15
76EE,目,5
76F2,盲,8
76F4,直,8
76F8,相,9
76FE,盾,9
7701,省,9
7709,眉,9
770B,看,9
770C,県,9
771E,眞,10
771F,真,10
7720,眠,10
7738,眸,11
773A,眺,11
773C,眼,11
7740,着,11
7761,睡,13
7763,督,13
7766,睦,13
77A5,瞥,16
77AC,瞬,17
77AD,瞭,17
77B3,瞳,17
77DB,矛,5
77E2,矢,5
77E5,知,8
77E9,矩,10
77ED,短,12
77EF,矯,17
77F3,石,5
7802,砂,9
7814,研,9
7815,砕,9
7825,砥,10
7826,砦,10
7827,砧,10
7832,砲,10
7834,破,10
785D,硝,12
786B,硫,11
786C,硬,12
786F,硯,12
7881,碁,13
788E,碎,13
7891,碑,12
7893,碓,13
7897,碗,13
78A7,碧,14
78A9,碩,14
78BA,確,15
78C1,磁,14
78D0,磐,15
78E8,磨,16
78EF,磯,17
7901,礁,17
790E,礎,18
793A,示,5
793C,礼,5
793E,社,7
7941,祁,7
7947,祇,8
7948,祈,8
7949,祉,8
7950,祐,9
7955,祕,9
7956,祖,9
795D,祝,9
795E,神,9
7962,祢,9
7965,祥,10
7968,票,11
796D,祭,11
7977,祷,11
797F,祿,12
7981,禁,13
7984,禄,12
7985,禅,12
798D,禍,12
798E,禎,13
798F,福,13
79AA,禪,16
79AE,禮,17
79B0,禰,18
79B1,禱,18
79BD,禽,12
79BE,禾,5
79C0,秀,7
79C1,私,7
79CB,秋,9
79D1,科,9
79D2,秒,9
79D8,秘,10
79DF,租,10
79E4,秤,10
79E6,秦,10
79E9,秩,10
79F0,称,10
79FB,移,11
7A00,稀,12
7A0B,程,12
7A0E,税,12
7A14,稔,13
7A1A,稚,13
7A1C,稜,13
7A1F,稟,13
7A2E,種,14
7A32,稲,14
7A3B,稻,15
7A3C,稼,15
7A3D,稽,15
7A3F,稿,15
7A40,穀,14
7A42,穂,15
7A4D,積,16
7A4F,穏,16
7A57,穗,17
7A63,穣,18
7A6B,穫,18
7A70,穰,22
7A74,穴,5
7A76,究,7
7A79,穹,8
7A7A,空,8
7A7F,穿,9
7A81,突,8
7A83,窃,9
7A84,窄,10
7A92,窒,11
7A93,窓,11
7A9F,窟,13
7AAA,窪,14
7AAE,窮,15
7AAF,窯,15
7ABA,窺,16
7ACB,立,5
7ADC,竜,10
7AE0,章,11
7AE3,竣,12
7AE5,童,12
7AEA,竪,13
7AEF,端,14
7AF6,競,20
7AF9,竹,6
7AFA,竺,8
7AFF,竿,9
7B08,笈,9
7B11,笑,10
7B19,笙,11
7B1B,笛,11
7B20,笠,11
7B26,符,11
7B2C,第,11
7B39,笹,11
7B46,筆,12
7B48,筈,12
7B49,等,12
7B4B,筋,12
7B51,筑,12
7B52,筒,12
7B54,答,12
7B56,策,12
7B87,箇,14
7B8B,箋,14
7B94,箔,14
7B95,箕,14
7B97,算,14
7BA1,管,14
7BB1,箱,15
7BB8,箸,14
7BC0,節,13
7BC4,範,15
7BC7,篇,15
7BC9,築,16
7BE0,篠,16
7BE4,篤,16
7C1E,簞,18
7C21,簡,18
7C3E,簾,19
7C3F,簿,19
7C4D,籍,20
7C60,籠,22
7C73,米,6
7C7E,籾,9
7C89,粉,10
7C8B,粋,10
7C92,粒,11
7C97,粗,11
7C98,粘,11
7C9B,粛,11
7C9F,粟,12
7CA5,粥,12
7CA7,粧,12
7CB9,粹,14
7CBE,精,14
7CCA,糊,15
7CD6,糖,16
7CE7,糧,18
7CF8,糸,6
7CFB,系,7
7CFE,糾,8
7D00,紀,9
7D04,約,9
7D05,紅,9
7D0B,紋,10
7D0D,納,10
7D10,紐,10
7D14,純,10
7D17,紗,10
7D18,紘,10
7D19,紙,10
7D1A,級,9
7D1B,紛,10
7D20,素,10
7D21,紡,10
7D22,索,10
7D2B,紫,11
7D2C,紬,11
7D2F,累,11
7D30,細,11
7D33,紳,11
7D39,紹,11
7D3A,紺,11
7D42,終,11
7D43,絃,11
7D44,組,11
7D46,絆,11
7D4C,経,11
7D50,結,12
7D5E,絞,12
7D61,絡,12
7D62,絢,12
7D66,給,12
7D71,統,11
7D75,絵,12
7D76,絶,12
7D79,絹,13
7D99,継,13
7D9A,続,13
7D9C,綜,14
7DA0,綠,14
7DAD,維,14
7DB1,綱,14
7DB2,網,14
7DB4,綴,14
7DB8,綸,14
7DBA,綺,14
7DBB,綻,14
7DBE,綾,14
7DBF,綿,14
7DCA,緊,14
7DCB,緋,14
7DCF,総,14
7DD1,緑,14
7DD2,緒,14
7DD6,緖,14
7DDA,線,14
7DE0,締,15
7DE3,緣,15
7DE8,編,15
7DE9,緩,15
7DEF,緯,15
7DF4,練,14
7DFB,緻,15
7E01,縁,15
7E04,縄,15
7E1B,縛,16
7E1E,縞,16
7E23,縣,16
7E26,縦,16
7E2B,縫,16
7E2E,縮,17
7E31,縱,17
7E3E,績,17
7E41,繁,16
7E4A,繊,17
7E54,織,18
7E55,繕,18
7E61,繡,18
7E6B,繫,19
7E6D,繭,18
7E70,繰,19
7E82,纂,20
7E8F,纏,21
7E96,纖,23
7F36,缶,6
7F6A,罪,13
7F6E,置,13
7F70,罰,14
7F72,署,13
7F75,罵,15
7F77,罷,15
7F85,羅,19
7F8A,羊,6
7F8E,美,9
7F9A,羚,11
7F9E,羞,10
7FA4,群,13
7FA8,羨,13
7FA9,義,13
7FBD,羽,6
7FC1,翁,10
7FCC,翌,11
7FD2,習,11
7FD4,翔,12
7FE0,翠,14
7FFB,翻,18
7FFC,翼,17
8000,耀,20
8001,老,6
8003,考,6
8005,者,8
800C,而,6
8010,耐,9
8015,耕,10
8017,耗,10
8033,耳,6
8036,耶,9
803D,耽,10
8056,聖,13
805E,聞,14
8061,聡,14
8074,聴,17
8077,職,18
807D,聽,22
8087,肇,14
8089,肉,6
808B,肋,6
808C,肌,6
8096,肖,7
8098,肘,7
809D,肝,7
80A1,股,8
80A2,肢,8
80A5,肥,8
80A9,肩,8
80AA,肪,8
80AF,肯,8
80B2,育,7
80B4,肴,8
80BA,肺,8
80C3,胃,9
80C6,胆,9
80CC,背,9
80CE,胎,9
80DE,胞,9
80E1,胡,9
80E4,胤,9
80F4,胴,10
80F8,胸,10
80FD,能,10
8102,脂,10
8105,脅,10
8107,脇,10
8108,脈,10
810A,脊,10
811A,脚,11
8129,脩,10
8131,脱,11
8133,脳,11
8139,脹,12
814E,腎,12
8150,腐,14
8154,腔,12
8155,腕,12
816B,腫,13
8170,腰,13
8178,腸,13
8179,腹,13
817A,腺,12
818F,膏,14
819A,膚,15
819C,膜,14
819D,膝,15
81A8,膨,16
81B3,膳,16
81C6,臆,17
81D3,臓,18
81DF,臟,21
81E3,臣,6
81E5,臥,8
81E8,臨,17
81EA,自,6
81ED,臭,9
81F3,至,6
81F4,致,9
81FC,臼,6
8207,與,13
8208,興,16
820C,舌,6
820E,舎,8
8217,舗,15
821C,舜,12
821E,舞,14
821F,舟,6
822A,航,10
822C,般,10
8235,舵,11
8236,舶,11
8237,舷,11
8239,船,11
8247,艇,13
8266,艦,20
826F,良,7
8272,色,6
8276,艶,19
828B,芋,6
8299,芙,7
829D,芝,6
82A5,芥,7
82A6,芦,7
82AD,芭,7
82AF,芯,7
82B1,花,7
82B3,芳,7
82B8,芸,7
82B9,芹,7
82BD,芽,7
82D1,苑,8
82D4,苔,8
82D7,苗,8
82DB,苛,8
82E5,若,8
82E6,苦,8
82F1,英,8
82FA,苺,8
8302,茂,8
8304,茄,8
8305,茅,8
8309,茉,8
830E,茎,8
831C,茜,9
8328,茨,9
8336,茶,9
8338,茸,9
8349,草,9
8352,荒,9
8358,荘,9
8377,荷,10
837B,荻,10
8389,莉,10
838A,莊,10
839E,莞,10
83AB,莫,10
83C5,菅,11
83CA,菊,11
83CC,菌,11
83D3,菓,11
83D6,菖,11
83DC,菜,11
83E9,菩,11
83EB,菫,11
83EF,華,10
83F1,菱,11
8404,萄,11
840A,萊,11
840C,萌,11
840E,萎,11
8420,萠,11
8429,萩,12
842C,萬,12
8431,萱,12
843D,落,12
8449,葉,12
8457,著,11
845B,葛,11
8461,葡,12
8463,董,12
8466,葦,12
846C,葬,12
8475,葵,12
847A,葺,12
8490,蒐,13
8494,蒔,13
8499,蒙,13
84B2,蒲,13
84B8,蒸,13
84BC,蒼,13
84C4,蓄,13
84C9,蓉,13
84CB,蓋,13
84D1,蓑,13
84EC,蓬,13
84EE,蓮,13
8511,蔑,14
8513,蔓,14
8523,蔣,14
8526,蔦,14
852D,蔭,14
8535,蔵,14
853D,蔽,14
8543,蕃,15
8549,蕉,15
854E,蕎,15
8557,蕗,16
8568,蕨,15
856A,蕪,15
857E,蕾,16
8584,薄,16
8597,薗,16
8599,薙,16
85A6,薦,16
85A9,薩,17
85AA,薪,16
85AB,薫,16
85AC,薬,16
85B0,薰,17
85C1,藁,17
85CD,藍,17
85CF,藏,17
85DD,藝,18
85E4,藤,18
85E5,藥,18
85E9,藩,18
85FB,藻,19
8607,蘇,19
862D,蘭,20
864E,虎,8
8650,虐,9
865A,虚,11
865B,虛,12
865C,虜,12
865E,虞,13
866B,虫,6
8679,虹,9
868A,蚊,10
8695,蚕,10
86C7,蛇,11
86CD,蛍,11
86EE,蛮,12
8702,蜂,13
871C,蜜,14
8766,蝦,15
8776,蝶,15
878D,融,16
87BA,螺,17
87EC,蟬,18
87F9,蟹,19
881F,蠟,21
8840,血,6
8846,衆,12
884C,行,6
8853,術,11
8857,街,12
885B,衛,15
885D,衝,15
885E,衞,16
8861,衡,16
8863,衣,6
8868,表,8
8870,衰,10
8877,衷,9
887F,衿,9
8888,袈,11
888B,袋,11
8896,袖,10
88AB,被,10
88B4,袴,11
88C1,裁,12
88C2,裂,12
88C5,装,12
88CF,裏,13
88D5,裕,12
88DC,補,12
88DD,裝,13
88DF,裟,13
88E1,裡,12
88F3,裳,14
88F8,裸,13
88FD,製,14
88FE,裾,13
8907,複,14
8910,褐,13
8912,褒,15
8956,襖,17
895F,襟,18
8972,襲,22
897F,西,6
8981,要,9
8986,覆,18
8987,覇,19
898B,見,7
898F,規,11
8996,視,11
899A,覚,12
89A7,覧,16
89AA,親,16
89B3,観,18
89BD,覽,21
89D2,角,7
89E3,解,13
89E6,触,13
8A00,言,7
8A02,訂,9
8A03,訃,9
8A08,計,9
8A0A,訊,10
8A0E,討,10
8A13,訓,10
8A17,託,10
8A18,記,10
8A1F,訟,11
8A23,訣,11
8A2A,訪,11
8A2D,設,11
8A31,許,11
8A33,訳,11
8A34,訴,12
8A3A,診,12
8A3B,註,12
8A3C,証,12
8A50,詐,12
8A54,詔,12
8A55,評,12
8A5E,詞,12
8A60,詠,12
8A62,詢,13
8A63,詣,13
8A66,試,13
8A69,詩,13
8A6B,詫,13
8A6E,詮,13
8A70,詰,13
8A71,話,13
8A72,該,13
8A73,詳,13
8A87,誇,13
8A89,誉,13
8A8C,誌,14
8A8D,認,14
8A93,誓,14
8A95,誕,14
8A98,誘,14
8A9E,語,14
8AA0,誠,13
8AA4,誤,14
8AAC,説,14
8AAD,読,14
8AB0,誰,15
8AB2,課,15
8ABC,誼,15
8ABF,調,15
8AC4,諄,15
8AC7,談,15
8ACB,請,15
8ACF,諏,15
8AD2,諒,15
8AD6,論,15
8AE6,諦,16
8AE7,諧,16
8AED,諭,16
8AEE,諮,16
8AF8,諸,15
8AFA,諺,16
8AFE,諾,15
8B00,謀,16
8B01,謁,15
8B02,謂,16
8B04,謄,17
8B0E,謎,16
8B19,謙,17
8B1B,講,17
8B1D,謝,17
8B20,謠,17
8B21,謡,16
8B39,謹,17
8B58,識,19
8B5C,譜,19
8B66,警,19
8B70,議,20
8B72,譲,20
8B77,護,20
8B83,讃,22
8B93,讓,24
8C37,谷,7
8C46,豆,7
8C4A,豊,13
8C5A,豚,11
8C61,象,12
8C6A,豪,14
8C79,豹,10
8C8C,貌,14
8C9D,貝,7
8C9E,貞,9
8CA0,負,9
8CA1,財,10
8CA2,貢,10
8CA7,貧,11
8CA8,貨,11
8CA9,販,11
8CAA,貪,11
8CAB,貫,11
8CAC,責,11
8CAF,貯,12
8CB0,貰,12
8CB4,貴,12
8CB7,買,12
8CB8,貸,12
8CBB,費,12
8CBC,貼,12
8CBF,貿,11
8CC0,賀,12
8CC2,賂,13
8CC3,賃,13
8CC4,賄,13
8CC7,資,13
8CCA,賊,13
8CD1,賑,14
8CD3,賓,14
8CDB,賛,15
8CDC,賜,15
8CDE,賞,15
8CE0,賠,15
8CE2,賢,15
8CE3,賣,15
8CE6,賦,15
8CEA,質,15
8CED,賭,15
8CF4,賴,16
8CFC,購,17
8D08,贈,18
8D64,赤,7
8D66,赦,11
8D70,走,7
8D73,赳,9
8D74,赴,9
8D77,起,10
8D85,超,12
8D8A,越,12
8DA3,趣,15
8DB3,足,7
8DDD,距,12
8DE1,跡,13
8DE8,跨,13
8DEF,路,13
8DF3,跳,13
8DF5,践,12
8E0A,踊,14
8E0F,踏,14
8E2A,踪,15
8E44,蹄,16
8E5F,蹟,18
8E74,蹴,19
8E8D,躍,21
8EAB,身,7
8ECA,車,7
8ECC,軌,9
8ECD,軍,9
8ED2,軒,10
8EDF,軟,11
8EE2,転,11
8EF8,軸,12
8EFD,軽,12
8F03,較,13
8F09,載,13
8F14,輔,14
8F1D,輝,15
8F29,輩,15
8F2A,輪,15
8F2F,輯,16
8F38,輸,16
8F3F,輿,17
8F44,轄,17
8F49,轉,18
8F5F,轟,21
8F9B,辛,7
8F9E,辞,13
8FA3,辣,14
8FB0,辰,7
8FB1,辱,10
8FB2,農,13
8FBA,辺,5
8FBB,辻,5
8FBC,込,5
8FBF,辿,6
8FC2,迂,6
8FC4,迄,6
8FC5,迅,6
8FCE,迎,7
8FD1,近,7
8FD4,返,7
8FE6,迦,8
8FEA,迪,8
8FEB,迫,8
8FED,迭,8
8FF0,述,8
8FF7,迷,9
8FFD,追,9
9000,退,9
9001,送,9
9003,逃,9
9006,逆,9
900F,透,10
9010,逐,10
9013,逓,10
9014,途,10
9017,逗,10
9019,這,10
901A,通,10
901D,逝,10
901E,逞,10
901F,速,10
9020,造,10
9022,逢,10
9023,連,10
902E,逮,11
9031,週,11
9032,進,11
9038,逸,10
9041,遁,12
9042,遂,12
9045,遅,12
9047,遇,12
904A,遊,12
904B,運,12
904D,遍,12
904E,過,11
9053,道,12
9054,達,12
9055,違,12
9059,遙,13
905C,遜,13
9060,遠,13
9061,遡,13
9063,遣,13
9065,遥,13
9069,適,14
906D,遭,14
906E,遮,13
9075,遵,15
9077,遷,14
9078,選,15
907A,遺,15
907C,遼,15
907F,避,16
9084,還,16
9091,邑,7
90A3,那,7
90A6,邦,7
90AA,邪,7
90B8,邸,8
90C1,郁,9
90CA,郊,9
90CE,郎,9
90DE,郞,10
90E1,郡,10
90E8,部,11
90ED,郭,11
90F5,郵,11
90F7,郷,11
90FD,都,11
912D,鄭,15
9149,酉,7
914C,酌,10
914D,配,10
914E,酎,10
9152,酒,10
9154,酔,11
9162,酢,12
916A,酪,13
916C,酬,13
9175,酵,14
9177,酷,14
9178,酸,14
9187,醇,15
9189,醉,15
918D,醍,16
9190,醐,16
9192,醒,16
919C,醜,17
91AC,醬,18
91B8,醸,20
91C0,釀,24
91C7,采,8
91C8,釈,11
91C9,釉,12
91CC,里,7
91CD,重,9
91CE,野,11
91CF,量,12
91D1,金,8
91D8,釘,10
91DC,釜,10
91DD,針,10
91E3,釣,11
91E7,釧,11
920D,鈍,12
9234,鈴,13
9244,鉄,13
925B,鉛,13
9262,鉢,13
9271,鉱,13
9280,銀,14
9283,銃,13
9285,銅,14
9291,銑,14
9298,銘,14
92AD,銭,14
92D2,鋒,15
92ED,鋭,15
92F3,鋳,15
92F8,鋸,16
92FC,鋼,16
9304,錄,16
9306,錆,16
9310,錐,16
9318,錘,16
9320,錠,16
9326,錦,16
932B,錫,16
932C,錬,16
932E,錮,16
932F,錯,16
9332,録,16
934A,鍊,17
934B,鍋,16
935B,鍛,17
936C,鍬,17
9375,鍵,17
938C,鎌,18
9396,鎖,18
93A7,鎧,18
93AD,鎭,18
93AE,鎮,18
93E1,鏡,19
9418,鐘,20
9444,鑄,22
9451,鑑,22
9577,長,8
9580,門,8
9583,閃,10
9589,閉,11
958B,開,12
958F,閏,12
9591,閑,12
9593,間,12
95A2,関,14
95A3,閣,14
95A4,閤,14
95A5,閥,14
95B2,閲,15
95C7,闇,17
95D8,闘,18
961C,阜,8
962A,阪,7
9632,防,7
963B,阻,8
963F,阿,8
9640,陀,8
9644,附,8
964D,降,9
9650,限,9
965B,陛,10
9662,院,10
9663,陣,10
9664,除,10
9665,陥,10
966A,陪,11
9670,陰,11
9673,陳,11
9675,陵,11
9676,陶,11
9677,陷,11
9678,陸,11
967A,険,11
967D,陽,12
9685,隅,12
9686,隆,11
9688,隈,12
968A,隊,12
968E,階,12
968F,随,12
9694,隔,13
9699,隙,13
969B,際,14
969C,障,14
96A0,隠,14
96A3,隣,15
96AA,險,16
96B7,隷,16
96BB,隻,10
96BC,隼,10
96C0,雀,11
96C1,雁,12
96C4,雄,12
96C5,雅,12
96C6,集,12
96C7,雇,12
96CC,雌,13
96D1,雑,14
96DB,雛,18
96DC,雜,18
96E2,離,18
96E3,難,18
96E8,雨,8
96EA,雪,11
96EB,雫,11
96F0,雰,12
96F2,雲,12
96F6,零,13
96F7,雷,13
96FB,電,13
9700,需,14
9707,震,15
970A,霊,15
971C,霜,17
971E,霞,17
9727,霧,18
9732,露,21
9752,青,8
9756,靖,13
9759,静,14
975C,靜,16
975E,非,8
9762,面,9
9769,革,9
9774,靴,13
9784,鞄,14
978D,鞍,15
9798,鞘,16
97A0,鞠,17
97AD,鞭,18
97D3,韓,17
97F3,音,9
97FB,韻,19
97FF,響,20
9801,頁,9
9802,頂,11
9803,頃,11
9805,項,12
9806,順,12
9808,須,12
980C,頌,13
9810,預,13
9811,頑,13
9812,頒,13
9813,頓,13
9817,頗,14
9818,領,14
982D,頭,16
9830,頰,16
983B,頻,16
983C,頼,16
984C,題,18
984D,額,18
984E,顎,18
9854,顔,18
9855,顕,18
9858,願,19
985A,顚,19
985E,類,18
9867,顧,21
986F,顯,23
98A8,風,9
98AF,颯,14
98DB,飛,9
98DC,飜,21
98DF,食,9
98E2,飢,11
98EF,飯,13
98F2,飲,13
98FC,飼,14
98FD,飽,14
98FE,飾,14
9905,餅,15
990A,養,15
990C,餌,15
9913,餓,16
9928,館,17
9957,饗,20
9996,首,9
9999,香,9
99A8,馨,20
99AC,馬,10
99B3,馳,13
99B4,馴,13
99C4,駄,14
99C5,駅,14
99C6,駆,14
99C8,駈,15
99D0,駐,15
99D2,駒,15
99D5,駕,15
99FF,駿,17
9A0E,騎,18
9A12,騒,18
9A13,験,18
9A30,騰,20
9A37,騷,19
9A4D,驍,22
9A57,驗,23
9A5A,驚,22
9AA8,骨,9
9AB8,骸,15
9AC4,髄,18
9AD8,高,10
9AEA,髪,14
9AEE,髮,15
9B31,鬱,29
9B3C,鬼,10
9B41,魁,14
9B42,魂,14
9B45,魅,15
9B54,魔,21
9B5A,魚,11
9B6F,魯,15
9B8E,鮎,16
9BAE,鮮,17
9BC9,鯉,18
9BDB,鯛,19
9BE8,鯨,19
9C2F,鰯,21
9C52,鱒,23
9C57,鱗,23
9CE5,鳥,11
9CE9,鳩,13
9CF3,鳳,14
9CF4,鳴,14
9CF6,鳶,14
9D28,鴨,16
9D3B,鴻,17
9D5C,鵜,18
9D6C,鵬,19
9D8F,鶏,19
9DB4,鶴,21
9DC4,鷄,21
9DD7,鷗,22
9DF2,鷲,23
9DF9,鷹,24
9DFA,鷺,24
9E7F,鹿,11
9E92,麒,19
9E93,麓,19
9E97,麗,19
9E9F,麟,23
9EA6,麦,7
9EBA,麺,16
9EBB,麻,11
9EBF,麿,17
9EC3,黃,11
9EC4,黄,11
9ECE,黎,15
9ED1,黑,12
9ED2,黒,11
9ED8,默,16
9ED9,黙,15
9EDB,黛,16
9F0E,鼎,13
9F13,鼓,13
9F3B,鼻,14
9F4A,齊,14
9F62,齢,17
9F8D,龍,16
F91D,欄,21
F928,廊,13
F929,朗,11
F936,虜,12
F9D0,類,19
FA16,猪,12
FA19,神,10
FA1A,祥,11
FA1B,福,14
FA22,諸,16
FA26,都,12
FA30,侮,8
FA31,僧,14
FA33,勉,9
FA34,勤,13
FA35,卑,8
FA37,嘆,14
FA38,器,16
FA3A,墨,15
FA3B,層,15
FA3D,悔,10
FA3F,憎,15
FA40,懲,19
FA41,敏,11
FA43,暑,13
FA44,梅,11
FA45,海,10
FA46,渚,12
FA47,漢,14
FA48,煮,13
FA4A,琢,12
FA4B,碑,13
FA4C,社,8
FA4D,祉,9
FA4E,祈,9
FA4F,祐,10
FA50,祖,10
FA51,祝,10
FA52,禍,14
FA53,禎,14
FA54,穀,15
FA55,突,9
FA56,節,15
FA57,練,15
FA59,繁,17
FA5A,署,14
FA5B,者,9
FA5C,臭,10
FA5F,著,12
FA61,視,12
FA62,謁,16
FA63,謹,18
FA64,賓,14
FA65,贈,19
FA67,逸,12
FA68,難,19
FA69,響,22